templateId;nom;categorie;rarete;unique;tierMin;prix_Mauvais;prix_Bon;prix_TresBon;prix_PristinEtat
br.marteau_menuisier;Marteau de menuisier;Bricolage;commun;;1;2;5;8;11
br.metre_pliant_bois_2m;Mètre pliant en bois 2 m;Bricolage;commun;;1;2;5;8;11
br.lot_vis_clous_anciens;Lot de vis et clous anciens;Bricolage;commun;;1;2;5;8;11
br.cle_a_molette_ancienne;Clé à molette ancienne;Bricolage;commun;;1;3;6;10;14
br.pince_etirer_cuivre;Pince à étirer en cuivre;Bricolage;commun;;1;4;7;12;17
br.marteau_arracheur;Marteau arracheur de clous;Bricolage;commun;;1;4;7;12;17
br.cle_anglaise_old;Clé anglaise ancienne (BTP);Bricolage;commun;;1;4;7;12;17
br.scie_egoine_de_charpentier;Scie égoïne de charpentier;Bricolage;commun;;1;4;8;14;20
br.masse_fer_forge;Masse en fer forgé;Bricolage;commun;;1;4;8;14;20
br.tournevis_lot_ancien;Lot de tournevis anciens;Bricolage;commun;;1;4;8;14;20
br.equerre_metallique;Équerre métallique de menuisier;Bricolage;commun;;1;4;8;14;20
br.lot_limes_charpentier;Lot de limes de charpentier;Bricolage;commun;;1;5;10;16;22
br.marteau_horloger;Marteau d'horloger;Bricolage;commun;;1;5;10;16;22
br.scie_arc_charpentier;Scie d'arc de charpentier;Bricolage;commun;;2;5;11;18;25
br.boite_quincaillerie_metal;Boîte de quincaillerie en métal;Bricolage;commun;;2;5;11;18;25
br.lampe_baladeuse_atelier;Lampe baladeuse d'atelier;Bricolage;commun;;2;5;11;18;25
br.tenailles_forgeron;Tenailles de forgeron;Bricolage;commun;;2;5;11;18;25
br.niveau_a_bulle_laiton;Niveau à bulle en laiton;Bricolage;commun;;2;7;13;22;31
br.fer_a_souder_vintage;Fer à souder vintage (1970);Bricolage;commun;;2;7;13;22;31
br.rabot_bois_artisanal;Rabot artisanal en bois;Bricolage;commun;;2;7;13;22;31
br.mortaisier_acier;Mortaisier acier ancien;Bricolage;commun;;2;7;13;22;31
br.tournevis_horloger_lot;Lot de tournevis d'horloger;Bricolage;commun;;2;7;13;22;31
br.tariere_charpentier;Tarière de charpentier;Bricolage;commun;;2;7;14;24;34
br.pied_a_coulisse_acier;Pied à coulisse en acier;Bricolage;commun;;2;8;17;28;39
br.etau_de_table_regulier;Étau de table régulier;Bricolage;commun;;2;8;17;28;39
br.ciseaux_a_bois_lot;Lot de ciseaux à bois (5 pièces);Bricolage;commun;;2;8;17;28;39
br.trusquin_acajou_laiton;Trusquin acajou et laiton;Bricolage;commun;;3;8;17;28;39
br.serre_joints_lot;Lot de serre-joints en fer;Bricolage;commun;;3;8;17;28;39
br.scie_japonaise_recente;Scie japonaise (Ryoba récente);Bricolage;commun;;3;9;18;30;42
br.perceuse_a_manivelle;Perceuse manuelle à manivelle;Bricolage;commun;;3;9;18;30;42
br.varlope_chene;Varlope en chêne ancienne;Bricolage;commun;;3;9;18;30;42
br.compas_charpentier_xixe;Compas de charpentier XIXe;Bricolage;commun;;3;10;19;32;45
br.plane_charronnier;Plane de charronnier;Bricolage;commun;;3;10;19;32;45
br.rabot_metallique_n4_d_ebeniste;Rabot métallique n°4 d'ébéniste;Bricolage;commun;;3;11;21;35;49
br.caisse_outils_chene;Caisse à outils en chêne ancienne;Bricolage;commun;;3;11;23;38;53
br.gouge_sculpteur_lot;Lot de gouges de sculpteur;Bricolage;commun;;3;11;23;38;53
br.boite_outils_complete;Boîte à outils complète;Bricolage;commun;;3;14;27;45;63
br.etabli_pliant_ancien;Établi pliant ancien;Bricolage;commun;;3;17;33;55;77
br.enclume_petit_modele;Petite enclume d'établi;Bricolage;commun;;3;18;36;60;84
br.etabli_chene_atelier;Établi de chêne d'atelier;Bricolage;commun;;3;27;54;90;126
br.balance_romaine_fonte;Balance romaine en fonte ancienne;Bricolage;rare;;1;48;96;160;224
br.scie_a_dos_de_menuisier_n7_ancienne;Scie à dos de menuisier n°7 ancienne;Bricolage;rare;;1;54;108;180;252
br.tariere_grande_xviiie;Grande tarière XVIIIe;Bricolage;rare;;1;54;108;180;252
br.coffret_dessin_industriel;Coffret de dessin industriel laiton;Bricolage;rare;;1;60;120;200;280
br.boite_d_outils_de_manufacture_signee;Boîte d'outils de manufacture (signée);Bricolage;rare;;2;66;132;220;308
br.machine_a_coudre_en_fonte_a_pedale_xixe;Machine à coudre en fonte à pédale XIXe;Bricolage;rare;;2;72;144;240;336
br.rabot_d_ebeniste_a_semelle_modele_605;Rabot d'ébéniste à semelle (modèle 605);Bricolage;rare;;2;84;168;280;392
br.enclume_grande_forge;Grande enclume de forge;Bricolage;rare;;2;90;180;300;420
br.tour_a_bois_atelier;Tour à bois d'atelier ancien;Bricolage;rare;;3;96;192;320;448
br.coffret_ebeniste_xixe;Coffret d'outils d'ébéniste XIXe;Bricolage;rare;;3;114;228;380;532
br.lot_d_outils_de_compagnon_du_tour_de_france;Lot d'outils de compagnon du tour de France;Bricolage;rare;;3;144;288;480;672
br.etabli_de_compagnonnage_xixe;Établi de compagnonnage XIXe;Bricolage;rare;;3;180;360;600;840
leg.br.scie_japonaise_edo;Scie japonaise période Edo;Bricolage;legendaire;;;240;480;800;1120
leg.br.coffret_d_outils_de_compagnon;Coffret d'outils de compagnon;Bricolage;legendaire;;;660;1320;2200;3080
leg.br.tour_a_metaux_d_orfevre_de_prestige_xixe;Tour à métaux d'orfèvre de prestige (XIXe);Bricolage;legendaire;;;1140;2280;3800;5320
uniq.br.coffre_outils_louis_xiv;Coffre d'outils d'ébéniste de Louis XIV;Bricolage;legendaire;oui;;1560;3120;5200;7280
jx.billes_verre_lot;Lot de billes en verre anciennes;Jeux & Loisirs;commun;;1;4;7;12;17
jx.jeu_de_cartes_long_trajet_annees_60;Jeu de cartes 'Long Trajet' (années 60);Jeux & Loisirs;commun;;1;4;8;14;20
jx.manette_vibraduo;Manette Vibraduo;Jeux & Loisirs;commun;;1;5;11;18;25
jx.jeu_question_pour_un_fromage_culture_generale;Jeu 'Question pour un fromage' (culture générale);Jeux & Loisirs;commun;;1;5;11;18;25
jx.petits_chevaux_bois;Jeu des Petits Chevaux en bois;Jeux & Loisirs;commun;;1;5;11;18;25
jx.yo_yo_duncan_alu;Yo-yo de compétition en aluminium;Jeux & Loisirs;commun;;1;5;11;18;25
jx.jeu_kicekatue_mr_mayonnaise_vintage;Jeu 'Kicékatué Mr. Mayonnaise ?' (vintage);Jeux & Loisirs;commun;;1;6;12;20;28
jx.jeu_magnatimmo_annees_80;Jeu Magnatimmo (années 80);Jeux & Loisirs;commun;;1;7;13;22;31
jx.soldat_plomb_napoleonien;Soldat de plomb napoléonien;Jeux & Loisirs;commun;;1;7;13;22;31
jx.lot_de_figurines_d_ufs_surprises;Lot de figurines d'œufs surprises;Jeux & Loisirs;commun;;1;7;13;22;31
jx.risk_1992;Jeu 'Krise' (1992);Jeux & Loisirs;commun;;1;8;15;25;35
jx.manette_tetrapod_64_bit;Manette Tetrapod (64-bit);Jeux & Loisirs;commun;;1;8;15;25;35
jx.dominos_os;Boîte de dominos en os;Jeux & Loisirs;commun;;1;8;17;28;39
jx.lot_de_figurines_de_spountch;Lot de figurines de Spountch;Jeux & Loisirs;commun;;2;8;17;28;39
jx.cartouche_turbo_herisson_16_bit;Cartouche 'Turbo Hérisson' (16-bit);Jeux & Loisirs;commun;;2;9;18;30;42
jx.manette_megadrive;Manette de console 16-bit;Jeux & Loisirs;commun;;2;11;21;35;49
jx.jeu_le_manoir_du_mal_32_bit;Jeu 'Le Manoir du Mal' (32-bit);Jeux & Loisirs;commun;;2;11;21;35;49
jx.lot_de_cartes_de_yo_hi_ah;Lot de cartes de Yo-Hi-ah;Jeux & Loisirs;commun;;2;11;21;35;49
jx.cartouche_street_castagne_ii_16_bit;Cartouche 'Street Castagne II' (16-bit);Jeux & Loisirs;commun;;2;11;23;38;53
jx.jeu_foxy_crush_32_bit;Jeu 'Foxy Crush' (32-bit);Jeux & Loisirs;commun;;2;12;24;40;56
jx.jeu_engrenage_de_metal_infiltration_32_bit;Jeu 'Engrenage de Métal' — infiltration (32-bit);Jeux & Loisirs;commun;;2;12;24;40;56
jx.cartouche_bluebot_8_bit;Cartouche 'Bluebot' (8-bit);Jeux & Loisirs;commun;;2;14;27;45;63
jx.echecs_buis_acajou;Jeu d'échecs en buis et acajou;Jeux & Loisirs;commun;;2;14;27;45;63
jx.poupee_barberousse_annees_70;Poupée Barberousse années 70;Jeux & Loisirs;commun;;2;14;27;45;63
jx.poupee_porcelaine_ancienne;Poupée en porcelaine ancienne;Jeux & Loisirs;commun;;2;15;30;50;70
jx.jeu_solda_flute_temporelle_aventure_3d_64_bit;Jeu 'Solda — Flûte temporelle' (aventure 3D 64-bit);Jeux & Loisirs;commun;;2;17;33;55;77
jx.backgammon_cuir;Backgammon en cuir bordeaux;Jeux & Loisirs;commun;;3;17;33;55;77
jx.petite_armee_plomb;Lot de soldats de plomb (10 pièces);Jeux & Loisirs;commun;;3;17;33;55;77
jx.cartouche_la_legende_de_solda_8_bit;Cartouche 'La Légende de Solda' (8-bit);Jeux & Loisirs;commun;;3;18;36;60;84
jx.console_de_salon_128_bit_avec_jeux;Console de salon 128-bit avec jeux;Jeux & Loisirs;commun;;3;18;36;60;84
jx.jeu_d_aventure_japonais_128_bit;Jeu d'aventure japonais (128-bit);Jeux & Loisirs;commun;;3;18;36;60;84
jx.cartes_pocket_monster_set_jungle;Cartes 'Pocket Monster' — set Jungle;Jeux & Loisirs;commun;;3;18;36;60;84
jx.ours_en_peluche_mohair_recent;Ours en peluche mohair (récent);Jeux & Loisirs;commun;;3;20;39;65;91
jx.console_128_bit_reve_complete;Console 128-bit 'Rêve' complète;Jeux & Loisirs;commun;;3;21;42;70;98
jx.cartouche_le_plombier_sauteur_8_bit;Cartouche 'Le Plombier Sauteur' (8-bit);Jeux & Loisirs;commun;;3;24;48;80;112
jx.lot_de_cartes_l_assemblee_des_mages;Lot de cartes 'L'Assemblée des Mages';Jeux & Loisirs;commun;;3;24;48;80;112
jx.console_de_salon_a_cartouches_annees_70;Console de salon à cartouches (années 70);Jeux & Loisirs;commun;;3;26;51;85;119
jx.playbox_pocket;PlayBox Pocket;Jeux & Loisirs;commun;;3;27;54;90;126
jx.super_console_16_bit_complete;Super Console 16-bit complète;Jeux & Loisirs;commun;;3;29;57;95;133
jx.console_familiale_8_bit_japonaise;Console familiale 8-bit japonaise;Jeux & Loisirs;commun;;3;33;66;110;154
jx.figurine_de_guerre_galactique_1978;Figurine de Guerre galactique (1978);Jeux & Loisirs;rare;;1;33;66;110;154
jx.figurine_du_capitaine_muscle_origines;Figurine du Capitaine Muscle (origines);Jeux & Loisirs;rare;;1;42;84;140;196
jx.figurine_de_dark_father_1977;Figurine de Dark Father (1977);Jeux & Loisirs;rare;;1;54;108;180;252
jx.grand_set_de_briques_pirates_complet;Grand set de briques 'Pirates' complet;Jeux & Loisirs;rare;;1;54;108;180;252
jx.cartouche_gachette_du_temps_rpg_16_bit;Cartouche 'Gâchette du Temps' (RPG 16-bit);Jeux & Loisirs;rare;;2;60;120;200;280
jx.cartes_pocket_monster_1ere_edition;Cartes 'Pocket Monster' 1ère édition;Jeux & Loisirs;rare;;2;66;132;220;308
jx.borne_arcade_mini;Mini borne d'arcade — Envahisseurs de l'Espace;Jeux & Loisirs;rare;;2;84;168;280;392
jx.ours_en_peluche_mohair_annees_1920;Ours en peluche mohair années 1920;Jeux & Loisirs;rare;;2;84;168;280;392
jx.train_electrique_ho_de_precision;Train électrique HO de précision;Jeux & Loisirs;rare;;3;96;192;320;448
jx.cartes_pocket_monster_holographiques_japonaise;Cartes 'Pocket Monster' holographiques japonaises;Jeux & Loisirs;rare;;3;108;216;360;504
jx.console_d_arcade_domestique_neo;Console d'arcade domestique 'Néo';Jeux & Loisirs;rare;;3;180;360;600;840
jx.flipper_a_plateau_annees_60;Flipper à plateau années 60;Jeux & Loisirs;rare;;3;225;450;750;1050
leg.jx.baby_foot_de_competition_minibon_homologue;Baby-foot de compétition MiniBon (homologué);Jeux & Loisirs;legendaire;;;660;1320;2200;3080
leg.jx.cartouche_stadium_events;Cartouche 8-bit de sport ultra-rare;Jeux & Loisirs;legendaire;;;1140;2280;3800;5320
leg.jx.cartouche_nwc_1990;Cartouche du Championnat Mondial 1990 (collector);Jeux & Loisirs;legendaire;;;1260;2520;4200;5880
uniq.jx.prototype_de_la_toute_premiere_console_de_jeu;Prototype de la toute première console de jeu (1972);Jeux & Loisirs;legendaire;oui;;1950;3900;6500;9100
lv.cahier_ecolier_seyes;Cahier d'écolier Seyès années 50;Livres & Papeterie;commun;;1;2;5;8;11
lv.cartes_postales_anciennes;Cartes postales anciennes (boîte);Livres & Papeterie;commun;;1;3;5;9;13
lv.monte_cristo;Roman 'Le Comte de Monte-Cristo';Livres & Papeterie;commun;;1;3;6;10;14
lv.rouge_noir_coffret;Le Rouge et le Noir — coffret;Livres & Papeterie;commun;;1;4;7;12;17
lv.livres_scolaires_anciens;Lot de livres scolaires anciens;Livres & Papeterie;commun;;1;4;7;12;17
lv.magazine_geo_lot;Lot de magazines de voyage années 80;Livres & Papeterie;commun;;1;4;7;12;17
lv.paris_match_70s;Lot de magazines d'actualité 70s;Livres & Papeterie;commun;;1;4;8;14;20
lv.duras_amant;L'Amant — Marguerite Duras;Livres & Papeterie;commun;;1;4;8;14;20
lv.dictionnaire_robert_70s;Dictionnaire Bébert (1973);Livres & Papeterie;commun;;1;4;8;14;20
lv.plume_sergent_major;Boîte de plumes d'écolier;Livres & Papeterie;commun;;1;4;8;14;20
lv.almanach_vermot;Almanach humoristique ancien;Livres & Papeterie;commun;;1;5;9;15;21
lv.les_histoires_du_petit_ecolier;Les Histoires du Petit Écolier;Livres & Papeterie;commun;;1;5;10;16;22
lv.bovary_relie;Madame Bovary, édition reliée;Livres & Papeterie;commun;;1;5;11;18;25
lv.sartre_nausee;La Nausée — Sartre;Livres & Papeterie;commun;;2;5;11;18;25
lv.funky_look_les_freres_bandots;Funky Look — 'Les Frères Bandots';Livres & Papeterie;commun;;2;5;11;18;25
lv.atlas_michelin_60s;Atlas routier Supermiche;Livres & Papeterie;commun;;2;5;11;18;25
lv.papier_filigrane_lot;Lot de papier filigrané ancien;Livres & Papeterie;commun;;2;5;11;18;25
lv.roupille_et_queue_longue;Roupille et Queue-longue;Livres & Papeterie;commun;;2;6;12;20;28
lv.les_aventures_de_titou_cap_sur_la_lune;Les Aventures de Titou — 'Cap sur la Lune';Livres & Papeterie;commun;;2;7;13;22;31
lv.colette_cheri_relie;Chéri — Colette, relié;Livres & Papeterie;commun;;2;7;13;22;31
lv.le_petit_moustachu_zbeul_au_village;Le Petit Moustachu — 'Zbeul au Village';Livres & Papeterie;commun;;2;7;13;22;31
lv.larousse_universel_2vol;Encyclopédie universelle 2 volumes;Livres & Papeterie;commun;;2;7;13;22;31
lv.magazine_lui_60s;Lot de magazines de charme années 60;Livres & Papeterie;commun;;2;7;13;22;31
lv.simone_beauvoir_deuxieme;Le Deuxième Sexe (édition 60s);Livres & Papeterie;commun;;2;7;14;24;34
lv.album_photos_velours;Album photos relié velours;Livres & Papeterie;commun;;2;7;14;24;34
lv.camus_etranger;L'Étranger — Camus (réimpression);Livres & Papeterie;commun;;2;8;15;25;35
lv.le_lieutenant_du_far_west;Le Lieutenant du Far West;Livres & Papeterie;commun;;3;8;16;26;36
lv.livre_recettes_curnonsky;Livre de recettes gastronomiques;Livres & Papeterie;commun;;3;8;17;28;39
lv.coffret_loupes_lecture;Coffret de loupes de lecture en laiton;Livres & Papeterie;commun;;3;8;17;28;39
lv.le_petit_moustachu_reimpression;Le Petit Moustachu (réimpression);Livres & Papeterie;commun;;3;9;18;30;42
lv.le_marin_reveur_la_ballade;Le Marin Rêveur — 'La Ballade';Livres & Papeterie;commun;;3;9;18;30;42
lv.encrier_porcelaine_xixe;Encrier en porcelaine XIXe;Livres & Papeterie;commun;;3;9;18;30;42
lv.zola_germinal_xixe;Germinal, édition XIXe;Livres & Papeterie;commun;;3;11;21;35;49
lv.encyclopedie_quillet_lot;Lot d'encyclopédies anciennes;Livres & Papeterie;commun;;3;11;21;35;49
lv.lampe_huile_biblio;Lampe à huile de bibliothèque;Livres & Papeterie;commun;;3;11;23;38;53
lv.carte_marine_xixe;Carte marine XIXe encadrée;Livres & Papeterie;commun;;3;14;27;45;63
lv.miserables_pleiade;Les Misérables — reliure prestige cuir;Livres & Papeterie;commun;;3;15;30;50;70
lv.les_aventures_de_titou_l_affaire_du_professeur;Les Aventures de Titou — 'L'Affaire du Professeur' (1956);Livres & Papeterie;commun;;3;20;39;65;91
lv.proust_recherche_folio;À la Recherche du temps perdu (coffret);Livres & Papeterie;commun;;3;21;42;70;98
lv.stylo_waterman_vintage;Stylo plume à réservoir vintage;Livres & Papeterie;commun;;3;23;45;75;105
lv.cartes_postales_belle_epoque_rare;Lot cartes postales Belle Époque (rare);Livres & Papeterie;rare;;1;42;84;140;196
lv.atlas_diderot_planche;Planche de l'Encyclopédie de Diderot;Livres & Papeterie;rare;;1;54;108;180;252
lv.hugo_legende_relie_cuir;La Légende des siècles — reliure cuir XIXe;Livres & Papeterie;rare;;1;60;120;200;280
lv.les_aventures_de_titou_petrole_1950;Les Aventures de Titou — 'Pétrole' (1950);Livres & Papeterie;rare;;1;66;132;220;308
lv.encrier_argent_xixe;Encrier en argent massif XIXe;Livres & Papeterie;rare;;2;66;132;220;308
lv.funky_look_premier_album_1947;Funky Look — premier album 1947;Livres & Papeterie;rare;;2;72;144;240;336
lv.le_petit_moustachu_edition_originale_1961;Le Petit Moustachu — édition originale 1961;Livres & Papeterie;rare;;2;84;168;280;392
lv.stylo_plume_haut_de_gamme_a_l_etoile_blanche_d;Stylo plume haut de gamme à l'étoile blanche (doré);Livres & Papeterie;rare;;2;84;168;280;392
lv.proust_swann_dedicace;Du côté de chez Swann (dédicacé);Livres & Papeterie;rare;;3;105;210;350;490
lv.conte_de_l_aviateur_et_de_l_enfant_roi_edition;Conte de l'Aviateur et de l'Enfant-Roi (édition 1943);Livres & Papeterie;rare;;3;114;228;380;532
lv.livre_heures_xviie;Livre d'heures du XVIIe siècle;Livres & Papeterie;rare;;3;180;360;600;840
lv.bible_olivetan_xvie;Bible Olivetan édition XVIe;Livres & Papeterie;rare;;3;270;540;900;1260
leg.lv.miserables_originale;Édition originale 'Les Misérables' (1862);Livres & Papeterie;legendaire;;;660;1320;2200;3080
leg.lv.manuscrit_enlumine_xve;Manuscrit enluminé du XVe siècle;Livres & Papeterie;legendaire;;;1260;2520;4200;5880
leg.lv.gutenberg_feuillet;Feuillet original Bible de Gutenberg;Livres & Papeterie;legendaire;;;1950;3900;6500;9100
uniq.lv.manuscrit_voltaire;Manuscrit autographe de Voltaire;Livres & Papeterie;legendaire;oui;;2340;4680;7800;10920
ma.figurine_porcelaine;Petite figurine en porcelaine;Maison;commun;;1;4;7;12;17
ma.verres_a_pied_lot6;Lot de 6 verres à pied;Maison;commun;;1;5;11;18;25
ma.pichet_faience_emaillee;Pichet en faïence émaillée;Maison;commun;;1;5;11;18;25
ma.cafetiere_emaillee_50s;Cafetière émaillée des années 50;Maison;commun;;1;5;11;18;25
ma.tasses_porcelaine_paris;Lot de tasses 'Porcelaine de Paris';Maison;commun;;1;7;13;22;31
ma.bonbonniere_porcelaine;Bonbonnière en porcelaine;Maison;commun;;1;7;13;22;31
ma.service_cafe_faience;Service café faïence (6 personnes);Maison;commun;;1;7;14;24;34
ma.statuette_africaine_bois;Statuette africaine en bois;Maison;commun;;1;8;15;25;35
ma.tabouret_bois_patine;Tabouret en bois patiné;Maison;commun;;1;8;17;28;39
ma.saliere_argent_minerve;Salière en argent (Minerve);Maison;commun;;1;8;17;28;39
ma.plateau_marqueterie;Plateau en marqueterie;Maison;commun;;1;8;17;28;39
ma.service_the_faience;Service à thé en faïence;Maison;commun;;1;9;18;30;42
ma.plat_faience_olympe;Plat 'Olympe' en faïence;Maison;commun;;1;9;18;30;42
ma.saladier_verre_boheme;Saladier en verre de Bohême;Maison;commun;;2;9;18;30;42
ma.carafe_cristal_taille;Carafe en cristal taillé;Maison;commun;;2;11;21;35;49
ma.timbale_argent_bapteme;Timbale d'argent de baptême;Maison;commun;;2;11;21;35;49
ma.lampe_petrole_ancienne;Lampe à pétrole ancienne;Maison;commun;;1;11;21;35;49
ma.service_the_chinois;Service à thé chinois en porcelaine;Maison;commun;;2;11;23;38;53
ma.service_liqueur_cristal;Service à liqueur en cristal taillé;Maison;commun;;2;11;23;38;53
ma.seau_a_glace_plaque;Seau à glace en argent plaqué;Maison;commun;;2;11;23;38;53
ma.coupe_emaillee_longwy;Coupe à fruits aux émaux de Longwy;Maison;commun;;2;14;27;45;63
ma.saliere_poivriere_argent;Paire salière-poivrière en argent;Maison;commun;;2;14;27;45;63
ma.pendule_voyage_laiton;Pendule de voyage en laiton;Maison;commun;;2;15;30;50;70
ma.bougeoirs_laiton_louisxv;Paire de bougeoirs en laiton Louis XV;Maison;commun;;2;17;33;55;77
ma.miroir_baroque_petit;Miroir baroque doré (petit);Maison;commun;;2;17;33;55;77
ma.lampe_globe_opaline;Lampe à globe d'opaline;Maison;commun;;2;17;33;55;77
ma.cendrier_en_pate_de_cristal_dome;Cendrier en pâte de cristal Dôme;Maison;commun;;3;18;36;60;84
ma.nature_morte_xixe_cadre;Tableau nature morte XIXe (cadre doré);Maison;commun;;3;18;36;60;84
ma.plat_en_ceramique_de_vallauris_signe_picassiet;Plat en céramique de Vallauris signé Picassiette;Maison;commun;;3;21;42;70;98
ma.horloge_carillon_westminster;Horloge carillon Westminster;Maison;commun;;3;21;42;70;98
ma.coffre_chinois_laque;Coffre chinois en laque;Maison;commun;;3;21;42;70;98
ma.pendulette_bronze;Pendulette de voyage en bronze;Maison;commun;;3;21;42;70;98
ma.service_porcelaine_limoges;Service en porcelaine de Limoges 12 couverts;Maison;commun;;3;24;48;80;112
ma.miroir_psyche;Miroir psyché de chambre;Maison;commun;;3;24;48;80;112
ma.vase_en_cristal_baraka;Vase en cristal Baraka;Maison;commun;;3;27;54;90;126
ma.gueridon_salon;Guéridon de salon ancien;Maison;commun;;3;27;54;90;126
ma.lustre_bronze_cristal_petit;Petit lustre bronze et cristal;Maison;commun;;3;29;57;95;133
ma.vase_en_verre_moule_laluck_recent;Vase en verre moulé Laluck (récent);Maison;commun;;3;33;66;110;154
ma.pendule_marbre_xixe;Pendule cheminée en marbre XIXe;Maison;commun;;3;33;66;110;154
ma.menagere_en_metal_argente_24_pieces;Ménagère en métal argenté 24 pièces;Maison;commun;;3;42;84;140;196
ma.boite_musique_ancienne;Boîte à musique ancienne;Maison;rare;;1;17;33;55;77
ma.lampe_bureau_artdeco;Lampe de bureau Art Déco;Maison;rare;;1;39;78;130;182
ma.miroir_dore_fronton;Miroir doré à fronton;Maison;rare;;1;42;84;140;196
ma.vase_en_pate_de_verre_dome_signe;Vase en pâte de verre Dôme (signé);Maison;rare;;1;84;168;280;392
ma.service_a_the_en_porcelaine_de_saxe_6_tasses;Service à thé en porcelaine de Saxe 6 tasses;Maison;rare;;2;114;228;380;532
ma.bibliotheque_louis_philippe;Bibliothèque Louis-Philippe en acajou;Maison;rare;;2;135;270;450;630
ma.candelabre_argent_5branches;Candélabre 5 branches en argent massif;Maison;rare;;2;144;288;480;672
ma.lustre_en_cristal_baraka;Lustre en cristal Baraka;Maison;rare;;2;180;360;600;840
ma.menagere_en_argent_massif_36_pieces;Ménagère en argent massif 36 pièces;Maison;rare;;3;180;360;600;840
ma.tapis_persan_ispahan;Tapis persan Ispahan ancien;Maison;rare;;3;210;420;700;980
ma.commode_louis_xv_marqueterie;Commode Louis XV en marqueterie;Maison;rare;;3;270;540;900;1260
ma.pendule_d_horloger_braguette_signee;Pendule d'horloger Braguette, signée;Maison;rare;;3;360;720;1200;1680
leg.ma.pendule_louis_xiv_boulle;Pendule Louis XIV en marqueterie Boulle;Maison;legendaire;;;1260;2520;4200;5880
leg.ma.tapis_savonnerie_xviie;Tapis de la Savonnerie (XVIIe);Maison;legendaire;;;1440;2880;4800;6720
leg.ma.uf_joaillier_imperial_en_email_replique;Œuf joaillier impérial en émail (réplique);Maison;legendaire;;;1650;3300;5500;7700
uniq.ma.vase_ming_dynasty;Vase porcelaine dynastie Ming;Maison;legendaire;oui;;3300;6600;11000;15400
mo.gants_cuir_femme;Gants de cuir façon dame;Mode;commun;;1;4;7;12;17
mo.casquette_gavroche_60s;Casquette gavroche années 60;Mode;commun;;1;4;8;14;20
mo.cravate_club_anglaise;Cravate club anglaise;Mode;commun;;1;4;8;14;20
mo.veste_jean_delavee;Veste en jean délavée;Mode;commun;;1;5;9;15;21
mo.pantalon_pattes_eph;Pantalon pattes d'éph années 70;Mode;commun;;1;5;10;16;22
mo.ceinture_cuir_laiton;Ceinture cuir à boucle laiton;Mode;commun;;1;5;10;16;22
mo.jupe_plissee_60s;Jupe plissée années 60;Mode;commun;;1;5;11;18;25
mo.polo_golgothor;Polo Golgothor;Mode;commun;;1;5;11;18;25
mo.chapeau_feutre_50s;Chapeau de feutre années 50;Mode;commun;;1;7;13;22;31
mo.robe_70s_disco;Robe disco années 70;Mode;commun;;1;7;13;22;31
mo.chemise_golgothor_70s;Chemise Golgothor (70s);Mode;commun;;1;7;13;22;31
mo.foulard_soie_motifs;Foulard en soie à motifs;Mode;commun;;1;7;13;22;31
mo.broche_pinup_strass;Broche pin-up en strass;Mode;commun;;1;7;13;22;31
mo.epingle_cravate_strass;Épingle à cravate à strass;Mode;commun;;2;7;13;22;31
mo.boucles_oreilles_perles;Boucles d'oreilles perles;Mode;commun;;2;7;14;24;34
mo.robe_80s_epaulettes;Robe à épaulettes années 80;Mode;commun;;2;8;15;25;35
mo.robe_60s_mini;Mini-robe années 60;Mode;commun;;2;8;17;28;39
mo.ombrelle_en_dentelle_xixe;Ombrelle en dentelle XIXe;Mode;commun;;2;8;17;28;39
mo.bracelet_jonc_argent;Bracelet jonc en argent ancien;Mode;commun;;2;9;18;30;42
mo.sac_seventies_cuir;Sac à main seventies en cuir;Mode;commun;;2;10;19;32;45
mo.manteau_lainage_60s;Manteau en lainage des années 60;Mode;commun;;2;11;21;35;49
mo.eventail_nacre;Éventail en nacre;Mode;commun;;2;11;21;35;49
mo.bague_chevaliere_argent;Bague chevalière en argent;Mode;commun;;2;11;21;35;49
mo.robe_50s_pinup;Robe pin-up années 50;Mode;commun;;2;11;23;38;53
mo.chaussures_richelieu_cuir;Souliers Richelieu en cuir vintage;Mode;commun;;2;11;23;38;53
mo.broche_camee_xixe;Broche camée XIXe;Mode;commun;;2;11;23;38;53
mo.cravate_en_soie_de_luxe;Cravate en soie de luxe;Mode;commun;;3;11;23;38;53
mo.bottes_camperos_cuir;Bottes camperos en cuir;Mode;commun;;3;14;27;45;63
mo.collier_perles_culture;Collier de perles de culture;Mode;commun;;3;14;27;45;63
mo.montre_automatique_vintage;Montre automatique vintage;Mode;commun;;3;15;30;50;70
mo.chapeau_panama_montecristi;Panama Montecristi récent;Mode;commun;;3;17;33;55;77
mo.montre_doree_vintage;Montre dorée vintage;Mode;commun;;3;17;33;55;77
mo.blouson_cuir_vintage;Blouson cuir vintage;Mode;commun;;3;18;36;60;84
mo.chapeau_de_feutre_italien_a_large_bord;Chapeau de feutre italien à large bord;Mode;commun;;3;18;36;60;84
mo.escarpins_seconde_main;Escarpins de marque seconde main;Mode;commun;;3;21;42;70;98
mo.montre_de_plongee_vintage;Montre de plongée vintage;Mode;commun;;3;21;42;70;98
mo.carre_de_soie_talaria_recent;Carré de soie Talaria (récent);Mode;commun;;3;24;48;80;112
mo.portefeuille_polis_futton;Portefeuille Polis Futton;Mode;commun;;3;24;48;80;112
mo.trench_coat_berrybeurre;Trench-coat BerryBeurré;Mode;commun;;3;27;54;90;126
mo.ceinture_talaria;Ceinture Talaria;Mode;commun;;3;27;54;90;126
mo.broche_emaillee_artdeco;Broche émaillée Art Déco;Mode;rare;;1;18;36;60;84
mo.sac_a_main_cancel;Sac à main Cancel;Mode;rare;;1;33;66;110;154
mo.chemise_ridor;Chemise Ridor;Mode;rare;;1;54;108;180;252
mo.sac_cedrine_tempome;Sac Cédrine Tempôme;Mode;rare;;1;66;132;220;308
mo.carre_de_soie_talaria_ancien;Carré de soie Talaria (ancien);Mode;rare;;2;72;144;240;336
mo.manteau_berrybeurre;Manteau BerryBeurré;Mode;rare;;2;84;168;280;392
mo.tailleur_chaine_annees_70;Tailleur Chaîné (années 70);Mode;rare;;2;108;216;360;504
mo.veste_smoking_msg;Veste smoking MSG;Mode;rare;;2;126;252;420;588
mo.sac_chaine;Sac Chaîné;Mode;rare;;3;144;288;480;672
mo.sac_a_main_talaria;Sac à main Talaria;Mode;rare;;3;180;360;600;840
mo.bague_a_trois_anneaux_d_or_occasion;Bague à trois anneaux d'or (occasion);Mode;rare;;3;180;360;600;840
mo.collier_a_motifs_trefle_porte_bonheur;Collier à motifs trèfle porte-bonheur;Mode;rare;;3;210;420;700;980
leg.mo.la_petite_robe_noire_chaine_1925;La petite robe noire Chaîné (1925);Mode;legendaire;;;900;1800;3000;4200
leg.mo.robe_ridor_new_look_1955;Robe Ridor 'New Look' (1955);Mode;legendaire;;;1050;2100;3500;4900
leg.mo.birkin_himalaya;Sac à main d'exception de grande sellerie (provenance);Mode;legendaire;;;1350;2700;4500;6300
uniq.mo.bijou_marie_antoinette;Les bijoux de la reine;Mode;legendaire;oui;;2550;5100;8500;11900
mus.33tours_jazz_1;33 tours de jazz inconnu;Musique;commun;;1;2;5;8;11
mus.k7_audio_mixtape_90s;K7 mixtape années 90;Musique;commun;;1;2;5;8;11
mus.cd_club_67_souhait_obscur;CD 'Club 67' — Souhait Obscur;Musique;commun;;1;4;7;12;17
mus.diapason_acier;Diapason en acier d'orchestre;Musique;commun;;1;4;7;12;17
mus.vinyle_whale_song_son_terrestre_n1;Vinyle 'Whale Song' — Son terrestre n°1;Musique;commun;;1;4;8;14;20
mus.cd_bad_luck_des_punkbot;CD 'Bad Luck' des PunkBot;Musique;commun;;1;4;8;14;20
mus.vinyle_silverguy_moi_au_volant;Vinyle Silverguy 'Moi au volant';Musique;commun;;1;5;10;16;22
mus.cd_ok_ai_frequencies;CD 'OK AI' — Frequencies;Musique;commun;;1;5;10;16;22
mus.coffret_cd_grunge_beatitude;Coffret CD grunge 'Béatitude';Musique;commun;;1;5;11;18;25
mus.vinyle_paul_nazamour_demain_enfin;Vinyle Paul Nazamour 'Demain enfin';Musique;commun;;1;5;11;18;25
mus.vinyle_renaut_megane_sans_toit;Vinyle Rénaut 'Mégane sans toit';Musique;commun;;1;5;11;18;25
mus.vinyle_francois_cabriol_hors_piste;Vinyle François Cabriol 'Hors-Piste';Musique;commun;;1;5;11;18;25
mus.vinyle_miguel_pavane_la_zizanie;Vinyle Miguel Pavane 'La Zizanie';Musique;commun;;1;5;11;18;25
mus.partition_satie;Partitions Erik Satie;Musique;commun;;2;5;11;18;25
mus.vinyle_grand_max_des_combines;Vinyle Babylone — 'Sur mon île';Musique;commun;;2;6;12;20;28
mus.vinyle_les_pates_carbonnara_michele_sardaigna;Vinyle 'Les Pâtes Carbonnara' — Michele Sardaigna;Musique;commun;;2;6;12;20;28
mus.vinyle_stevranos_vive_la_fet_a;Vinyle Stevranos 'Vive la fêt(a)';Musique;commun;;2;7;13;22;31
mus.vinyle_hollyday_caillou_a_woippy;Vinyle Hollyday 'Caillou à Woippy';Musique;commun;;2;7;13;22;31
mus.vinyle_classique_incontournable_classique;Vinyle 'Classique incontournable' — Classique;Musique;commun;;2;7;13;22;31
mus.cd_le_micro_argente_nou;CD 'Le Micro Argenté' — Nou;Musique;commun;;2;7;13;22;31
mus.vinyle_victor_de_la_brasse_bibelot;Vinyle Victor de la Brasse 'Bibelot';Musique;commun;;2;7;14;24;34
mus.33tours_jazz_3;33 tours de jazz (III);Musique;commun;;2;7;14;24;34
mus.partition_chopin;Partitions de Chopin reliées;Musique;commun;;2;8;15;25;35
mus.vinyle_de_la_rousse_mystique_ainsi_soit_elle;Vinyle de la Rousse Mystique — 'Ainsi soit-elle';Musique;commun;;2;8;16;26;36
mus.vinyle_judith_loiseau_oui_je_regrette_tout;Vinyle Judith Loiseau 'Oui, je regrette tout';Musique;commun;;2;8;17;28;39
mus.radio_cassette_annees_80;Radio-cassette années 80;Musique;commun;;2;9;18;30;42
mus.harmonica_chromatique_de_bluesman;Harmonica chromatique de bluesman;Musique;commun;;3;11;21;35;49
mus.metronome_mecanique_a_pyramide;Métronome mécanique à pyramide;Musique;commun;;3;11;21;35;49
mus.33tours_jazz_2;33 tours de jazz (II);Musique;commun;;3;12;24;40;56
mus.baladeur_a_cassette_annees_80;Baladeur à cassette années 80;Musique;commun;;3;12;24;40;56
mus.ukulele_soprano;Ukulélé soprano en koa;Musique;commun;;3;12;24;40;56
mus.vinyle_des_loups_des_steppes_bark_to_be_free;Vinyle des Loups des Steppes — 'Bark to Be Free';Musique;commun;;3;14;27;45;63
mus.vinyle_free_robot_des_punkbot;Vinyle 'Free Robot' des PunkBot;Musique;commun;;3;14;27;45;63
mus.vinyle_des_trolling_sons_bet_it_heal;Vinyle des Trolling Sons — 'Unsatisfying';Musique;commun;;3;15;30;50;70
mus.vinyle_des_scarabees_passage_cloute;Vinyle des Scarabées — 'Bet it Heal';Musique;commun;;3;17;33;55;77
mus.vinyle_du_david_bah_oui_comete;Vinyle du David — 'Bah oui';Musique;commun;;3;18;36;60;84
mus.vinyle_concept_laga_jagavaganaigase_du_dandy_a;Vinyle concept — 'Laga Jagavaganaigase' du Dandy à la Gitane;Musique;commun;;3;21;42;70;98
mus.flute_traversiere_argentee;Flûte traversière argentée;Musique;commun;;3;24;48;80;112
mus.tourne_disque_a_courroie_vintage;Tourne-disque à courroie vintage;Musique;commun;;3;27;54;90;126
mus.clarinette_en_ebene;Clarinette en ébène;Musique;commun;;3;27;54;90;126
mus.guitare_classique_ancienne;Vieille guitare classique;Musique;rare;;1;36;72;120;168
mus.boite_musique_mecanique;Boîte à musique mécanique à cylindre;Musique;rare;;1;54;108;180;252
mus.test_pressing_des_trolling_sons;Test pressing des Trolling Sons;Musique;rare;;1;60;120;200;280
mus.accordeon_italien_signe;Accordéon italien signé;Musique;rare;;1;60;120;200;280
mus.banjo_5_cordes_ancien;Banjo 5 cordes ancien;Musique;rare;;2;72;144;240;336
mus.vinyle_collector_de_vagabond_horizon_celeste;Vinyle collector de Vagabond — 'Horizon Céleste';Musique;rare;;2;84;168;280;392
mus.theremine_a_antennes;Thérémine à antennes;Musique;rare;;2;84;168;280;392
mus.violon_atelier_mirecourt;Violon d'atelier — Mirecourt XIXe;Musique;rare;;2;96;192;320;448
mus.guitare_electrique_a_trois_micros_solid_body_1;Guitare électrique à trois micros, solid body (1970s);Musique;rare;;3;114;228;380;532
mus.guitare_electrique_a_corps_plein_modele_legend;Guitare électrique à corps plein, modèle légende (1980s);Musique;rare;;3;135;270;450;630
mus.synthetiseur_analogique_mini_1970;Synthétiseur analogique 'Mini' (1970);Musique;rare;;3;180;360;600;840
mus.saxophone_alto_professionnel;Saxophone alto professionnel;Musique;rare;;3;210;420;700;980
leg.mus.piano_a_queue_de_concert_1900;Piano à queue de concert (1900);Musique;legendaire;;;1140;2280;3800;5320
leg.mus.violon_de_maitre_cremonais_1715;Violon de maître crémonais (1715);Musique;legendaire;;;1350;2700;4500;6300
leg.mus.guitare_de_legende_de_johny_perdrix_jouee_a_l;Guitare de légende de Johny Perdrix, jouée à l'envers (provenance);Musique;legendaire;;;1560;3120;5200;7280
uniq.mus.violon_paganini;"Violon ""Il Cannone"" de Paganini";Musique;legendaire;oui;;2700;5400;9000;12600
art.gravure_ancienne_xixe;Gravure ancienne du XIXe siècle;Objets d'art;commun;;1;7;13;22;31
art.gravure_jouy_paris;Gravure 'Vue de Paris' Jouy;Objets d'art;commun;;1;7;13;22;31
art.platre_atelier_torse;Plâtre d'atelier — torse;Objets d'art;commun;;1;7;13;22;31
art.assiette_decorative_signee_picassiette;Assiette décorative signée Picassiette;Objets d'art;commun;;1;7;13;22;31
art.dessin_fusain_atelier;Dessin au fusain (atelier);Objets d'art;commun;;1;8;15;25;35
art.masque_tribal_decoratif;Masque tribal décoratif;Objets d'art;commun;;1;8;17;28;39
art.gravure_durer_reimpr;Gravure Dürer (réimpression);Objets d'art;commun;;1;8;17;28;39
art.peinture_naive_paysanne;Peinture naïve — scène paysanne;Objets d'art;commun;;1;8;17;28;39
art.miniature_portrait_dame;Miniature — portrait de dame;Objets d'art;commun;;1;8;17;28;39
art.aquarelle_paysage_anonyme;Aquarelle de paysage (anonyme XIXe);Objets d'art;commun;;1;9;18;30;42
art.aquarelle_paysage_provencal;Aquarelle paysage provençal;Objets d'art;commun;;1;10;19;32;45
art.masque_inuit_inspiration;Masque décoratif d'inspiration Inuit;Objets d'art;commun;;1;10;19;32;45
art.coupe_emaillee_longwy_art;Coupe en faïence aux émaux de Longwy;Objets d'art;commun;;1;10;19;32;45
art.aquarelle_marine_xixe;Aquarelle marine du XIXe;Objets d'art;commun;;2;11;21;35;49
art.statuette_egyptienne_inspi;Statuette d'inspiration égyptienne;Objets d'art;commun;;2;11;21;35;49
art.terre_cuite_buste;Petit buste en terre cuite;Objets d'art;commun;;2;11;23;38;53
art.terre_cuite_putto;Terre cuite — putto;Objets d'art;commun;;2;11;23;38;53
art.plaque_email_limoges;Plaque émaillée religieuse;Objets d'art;commun;;2;11;23;38;53
art.boite_marqueterie_florentine;Boîte de marqueterie florentine;Objets d'art;commun;;2;11;23;38;53
art.pastel_portrait_femme;Pastel — portrait de femme;Objets d'art;commun;;2;12;24;40;56
art.terre_cuite_femme_classique;Femme classique en terre cuite;Objets d'art;commun;;2;13;25;42;59
art.icone_orthodoxe_bois;Icône orthodoxe sur bois;Objets d'art;commun;;2;14;27;45;63
art.eventail_chinois_peint;Éventail chinois peint à la main;Objets d'art;commun;;2;14;27;45;63
art.lithographie_signee_xxe;Lithographie signée du XXe;Objets d'art;commun;;2;15;30;50;70
art.huile_anonyme_xixe;Huile sur toile anonyme XIXe;Objets d'art;commun;;2;15;30;50;70
art.serigraphie_pop_signee;Sérigraphie pop-art signée;Objets d'art;commun;;2;17;33;55;77
art.estampe_hiroshige_paysage;Estampe Hiroshige — paysage;Objets d'art;commun;;3;17;33;55;77
art.boite_laquee_japonaise;Boîte laquée japonaise (Edo récent);Objets d'art;commun;;3;17;33;55;77
art.estampe_hokusai_edition;Estampe japonaise Hokusai (édition);Objets d'art;commun;;3;18;36;60;84
art.statue_bouddha_pierre;Statue de Bouddha en pierre;Objets d'art;commun;;3;18;36;60;84
art.portrait_bourgeois_xixe;Portrait à l'huile (bourgeois XIXe);Objets d'art;commun;;3;20;39;65;91
art.nature_morte_xixe_cadre;Nature morte XIXe encadrée;Objets d'art;commun;;3;21;42;70;98
art.bronze_animalier;Bronze animalier signé;Objets d'art;commun;;3;23;45;75;105
art.vase_art_deco_bebert_germain;Vase Art Déco Bébert Germain;Objets d'art;commun;;3;23;45;75;105
art.bronze_petite_danseuse;Petit bronze 'Danseuse';Objets d'art;commun;;3;24;48;80;112
art.icone_russe_doree;Icône russe dorée;Objets d'art;commun;;3;24;48;80;112
art.bronze_buste_voltaire;Buste de Voltaire en bronze;Objets d'art;commun;;3;27;54;90;126
art.petite_sculpture_ivoire;Petite sculpture en ivoire;Objets d'art;commun;;3;27;54;90;126
art.lithographie_de_chacal_planche;Lithographie de Chacal (planche);Objets d'art;commun;;3;29;57;95;133
art.bronze_barye_style;Bronze signé style Barye;Objets d'art;commun;;3;29;57;95;133
art.dessin_signe_ecole_francaise;Dessin signé d'école française;Objets d'art;rare;;1;54;108;180;252
art.gravure_rembrandt_reimpr;Gravure Rembrandt (réimpression originale);Objets d'art;rare;;1;72;144;240;336
art.vase_galle_signe;Vase Émile Gallé signé;Objets d'art;rare;;1;78;156;260;364
art.vase_en_verre_moule_laluck_signe;Vase en verre moulé Laluck (signé);Objets d'art;rare;;1;84;168;280;392
art.aquarelle_fauviste_de_roland_duff_signee;Aquarelle fauviste de Roland Duff (signée);Objets d'art;rare;;2;105;210;350;490
art.lithographie_cubiste_signee_picassiette_planch;Lithographie cubiste signée Picassiette (planche);Objets d'art;rare;;2;114;228;380;532
art.estampe_cubiste_signee_picassiette;Estampe cubiste signée Picassiette;Objets d'art;rare;;2;135;270;450;630
art.dessin_surrealiste_aux_montres_molles_signe;Dessin surréaliste aux montres molles (signé);Objets d'art;rare;;2;144;288;480;672
art.bronze_d_atelier_aux_silhouettes_filiformes_pl;Bronze d'atelier aux silhouettes filiformes (planche);Objets d'art;rare;;3;180;360;600;840
art.toile_expressionniste_de_bebert_bahut_signee;Toile expressionniste de Bébert Bahut (signée);Objets d'art;rare;;3;180;360;600;840
art.huile_corot_attribuee;Huile attribuée à Corot;Objets d'art;rare;;3;210;420;700;980
art.petite_sculpture_rondin_planche;Petite sculpture Rondin (planche);Objets d'art;rare;;3;240;480;800;1120
leg.art.dessin_fauviste_aux_gouaches_decoupees_etude;Dessin fauviste aux gouaches découpées (étude);Objets d'art;legendaire;;;1260;2520;4200;5880
leg.art.dessin_cubiste_signe_picassiette_etude;Dessin cubiste signé Picassiette (étude);Objets d'art;legendaire;;;1440;2880;4800;6720
leg.art.toile_onirique_de_chacal_etude;Toile onirique de Chacal (étude);Objets d'art;legendaire;;;1650;3300;5500;7700
uniq.art.toile_monet_inedite;Toile inédite de Claude Monet;Objets d'art;legendaire;oui;;3600;7200;12000;16800
